row_type,model,fold,seed,condition,Macro_F1,retention,representation_drift,SD,effect_name,effect_value,value_status,note,retention_SD,representation_drift_SD
run,C11,0,17,Full,0.8837355182315311,1.0,0.0,NA,NA,NA,REAL_MEASURED,,NA,NA
run,C11,0,17,No prior,0.8659063296101502,0.9798251985423656,0.0038284936454147,NA,NA,NA,REAL_MEASURED,,NA,NA
run,C11,0,17,No interaction,0.5704553652419135,0.645504626071235,0.0986768454313278,NA,NA,NA,REAL_MEASURED,,NA,NA
run,C11,0,17,Self + no-gap prior,0.5476373992215262,0.6196847223221483,0.1134746000170707,NA,NA,NA,REAL_MEASURED,,NA,NA
run,C11,0,17,Self only,0.4745210288621234,0.5369491426707633,0.1663374304771423,NA,NA,NA,REAL_MEASURED,,NA,NA
run,C11_no_mask,0,17,Full,0.9341497506640578,1.0,0.0,NA,NA,NA,REAL_MEASURED,,NA,NA
run,C11_no_mask,0,17,No prior,0.944621588659836,1.011210020650687,0.003419054672122,NA,NA,NA,REAL_MEASURED,,NA,NA
run,C11_no_mask,0,17,No interaction,0.6189288689622667,0.6625585121896029,0.1020887568593025,NA,NA,NA,REAL_MEASURED,,NA,NA
run,C11_no_mask,0,17,Self + no-gap prior,0.5717482759022968,0.6120520564244211,0.1338514238595962,NA,NA,NA,REAL_MEASURED,,NA,NA
run,C11_no_mask,0,17,Self only,0.4029940616056852,0.4314019902260953,0.2531231641769409,NA,NA,NA,REAL_MEASURED,,NA,NA
run,C11,0,42,Full,0.935754466546858,1.0,0.0,NA,NA,NA,REAL_MEASURED,,NA,NA
run,C11,0,42,No prior,0.935210954250245,0.9994191721054576,0.0040420028381049,NA,NA,NA,REAL_MEASURED,,NA,NA
run,C11,0,42,No interaction,0.632278866039293,0.6756888571128519,0.1002121195197105,NA,NA,NA,REAL_MEASURED,,NA,NA
run,C11,0,42,Self + no-gap prior,0.591470013308309,0.6320782154435924,0.1242491230368614,NA,NA,NA,REAL_MEASURED,,NA,NA
run,C11,0,42,Self only,0.514647290248108,0.5499811207391516,0.2017416059970855,NA,NA,NA,REAL_MEASURED,,NA,NA
run,C11_no_mask,0,42,Full,0.928660379005068,1.0,0.0,NA,NA,NA,REAL_MEASURED,,NA,NA
run,C11_no_mask,0,42,No prior,0.9248662310944206,0.9959143859300724,0.002837992971763,NA,NA,NA,REAL_MEASURED,,NA,NA
run,C11_no_mask,0,42,No interaction,0.5005881737624722,0.5390433199042944,0.1679061353206634,NA,NA,NA,REAL_MEASURED,,NA,NA
run,C11_no_mask,0,42,Self + no-gap prior,0.4282744683676941,0.4611744810589759,0.2214107513427734,NA,NA,NA,REAL_MEASURED,,NA,NA
run,C11_no_mask,0,42,Self only,0.2883071917356392,0.3104549286839616,0.4039691090583801,NA,NA,NA,REAL_MEASURED,,NA,NA
run,C11,0,73,Full,0.942832887261256,1.0,0.0,NA,NA,NA,REAL_MEASURED,,NA,NA
run,C11,0,73,No prior,0.9409527445536172,0.9980058579489094,0.0026189805939793,NA,NA,NA,REAL_MEASURED,,NA,NA
run,C11,0,73,No interaction,0.5731086089419715,0.6078581015631934,0.126107320189476,NA,NA,NA,REAL_MEASURED,,NA,NA
run,C11,0,73,Self + no-gap prior,0.5550370181579839,0.5886907697611792,0.1354567408561706,NA,NA,NA,REAL_MEASURED,,NA,NA
run,C11,0,73,Self only,0.5033250036846756,0.5338432828183748,0.1932038962841034,NA,NA,NA,REAL_MEASURED,,NA,NA
run,C11_no_mask,0,73,Full,0.9359128499586958,1.0,0.0,NA,NA,NA,REAL_MEASURED,,NA,NA
run,C11_no_mask,0,73,No prior,0.9349483877753992,0.9989694957352714,0.0030788742005825,NA,NA,NA,REAL_MEASURED,,NA,NA
run,C11_no_mask,0,73,No interaction,0.5032065451642419,0.5376638916609059,0.1938540637493133,NA,NA,NA,REAL_MEASURED,,NA,NA
run,C11_no_mask,0,73,Self + no-gap prior,0.448208091948781,0.4788993889426366,0.2272596657276153,NA,NA,NA,REAL_MEASURED,,NA,NA
run,C11_no_mask,0,73,Self only,0.3738646825395894,0.3994652734558447,0.3336615264415741,NA,NA,NA,REAL_MEASURED,,NA,NA
run,C11,1,17,Full,0.9462321472731032,1.0,0.0,NA,NA,NA,REAL_MEASURED,,NA,NA
run,C11,1,17,No prior,0.9432094714476136,0.9968055663357026,0.0009678578935563,NA,NA,NA,REAL_MEASURED,,NA,NA
run,C11,1,17,No interaction,0.6745018630011512,0.7128291560849657,0.0857205167412757,NA,NA,NA,REAL_MEASURED,,NA,NA
run,C11,1,17,Self + no-gap prior,0.6615571191778198,0.6991488516685113,0.0900916308164596,NA,NA,NA,REAL_MEASURED,,NA,NA
run,C11,1,17,Self only,0.5992174958426005,0.6332668971028451,0.1111842915415763,NA,NA,NA,REAL_MEASURED,,NA,NA
run,C11_no_mask,1,17,Full,0.8328695385727105,1.0,0.0,NA,NA,NA,REAL_MEASURED,,NA,NA
run,C11_no_mask,1,17,No prior,0.851716146804446,1.0226285238670547,0.0019502728246152,NA,NA,NA,REAL_MEASURED,,NA,NA
run,C11_no_mask,1,17,No interaction,0.514003328333747,0.6171474697160795,0.1541875153779983,NA,NA,NA,REAL_MEASURED,,NA,NA
run,C11_no_mask,1,17,Self + no-gap prior,0.5144588995225812,0.6176944595719156,0.1579563468694687,NA,NA,NA,REAL_MEASURED,,NA,NA
run,C11_no_mask,1,17,Self only,0.4737756719700889,0.5688474004968399,0.2064753621816635,NA,NA,NA,REAL_MEASURED,,NA,NA
run,C11,1,42,Full,0.9612418506175914,1.0,0.0,NA,NA,NA,REAL_MEASURED,,NA,NA
run,C11,1,42,No prior,0.9600731907200024,0.998784218667926,0.0008490568725392,NA,NA,NA,REAL_MEASURED,,NA,NA
run,C11,1,42,No interaction,0.6677369667856419,0.6946607311746003,0.1504153311252594,NA,NA,NA,REAL_MEASURED,,NA,NA
run,C11,1,42,Self + no-gap prior,0.643176490294434,0.6691099538385656,0.1575497835874557,NA,NA,NA,REAL_MEASURED,,NA,NA
run,C11,1,42,Self only,0.5823350025873263,0.6058152817765685,0.1851440966129303,NA,NA,NA,REAL_MEASURED,,NA,NA
run,C11_no_mask,1,42,Full,0.959205131549938,1.0,0.0,NA,NA,NA,REAL_MEASURED,,NA,NA
run,C11_no_mask,1,42,No prior,0.9567902074702668,0.9974823695159252,0.0008845918928273,NA,NA,NA,REAL_MEASURED,,NA,NA
run,C11_no_mask,1,42,No interaction,0.6707408193450982,0.6992673384276805,0.0424791350960731,NA,NA,NA,REAL_MEASURED,,NA,NA
run,C11_no_mask,1,42,Self + no-gap prior,0.6450765515078872,0.672511572645088,0.0519939139485359,NA,NA,NA,REAL_MEASURED,,NA,NA
run,C11_no_mask,1,42,Self only,0.5637618105951354,0.5877385264653215,0.0953709408640861,NA,NA,NA,REAL_MEASURED,,NA,NA
run,C11,1,73,Full,0.9368833110373443,1.0,0.0,NA,NA,NA,REAL_MEASURED,,NA,NA
run,C11,1,73,No prior,0.934840975779112,0.9978200750998852,0.0013843693304806,NA,NA,NA,REAL_MEASURED,,NA,NA
run,C11,1,73,No interaction,0.7221906044223046,0.7708437069101747,0.1058646216988563,NA,NA,NA,REAL_MEASURED,,NA,NA
run,C11,1,73,Self + no-gap prior,0.7110970107177925,0.7590027512929495,0.1062711253762245,NA,NA,NA,REAL_MEASURED,,NA,NA
run,C11,1,73,Self only,0.641910004739818,0.6851547008870044,0.0979460179805755,NA,NA,NA,REAL_MEASURED,,NA,NA
run,C11_no_mask,1,73,Full,0.9369060926033808,1.0,0.0,NA,NA,NA,REAL_MEASURED,,NA,NA
run,C11_no_mask,1,73,No prior,0.9104048631684462,0.9717141027855888,0.0044475309550762,NA,NA,NA,REAL_MEASURED,,NA,NA
run,C11_no_mask,1,73,No interaction,0.6599120050564197,0.7043523468000109,0.0825829803943634,NA,NA,NA,REAL_MEASURED,,NA,NA
run,C11_no_mask,1,73,Self + no-gap prior,0.6549774363196308,0.6990854702413611,0.0831293538212776,NA,NA,NA,REAL_MEASURED,,NA,NA
run,C11_no_mask,1,73,Self only,0.5708812952846835,0.6093260571060817,0.1060567274689674,NA,NA,NA,REAL_MEASURED,,NA,NA
run,C11,2,17,Full,0.944454730377946,1.0,0.0,NA,NA,NA,REAL_MEASURED,,NA,NA
run,C11,2,17,No prior,0.9488763412760136,1.0046816546689306,0.001359571586363,NA,NA,NA,REAL_MEASURED,,NA,NA
run,C11,2,17,No interaction,0.619559576589212,0.6559971131080898,0.1270127743482589,NA,NA,NA,REAL_MEASURED,,NA,NA
run,C11,2,17,Self + no-gap prior,0.6182223072835717,0.654581196322851,0.1234910041093826,NA,NA,NA,REAL_MEASURED,,NA,NA
run,C11,2,17,Self only,0.5669833558131024,0.600328779745971,0.1283455044031143,NA,NA,NA,REAL_MEASURED,,NA,NA
run,C11_no_mask,2,17,Full,0.9208154172276656,1.0,0.0,NA,NA,NA,REAL_MEASURED,,NA,NA
run,C11_no_mask,2,17,No prior,0.9304202488750668,1.010430789350073,0.0008731657871976,NA,NA,NA,REAL_MEASURED,,NA,NA
run,C11_no_mask,2,17,No interaction,0.5333961895429153,0.5792650509141473,0.2023346126079559,NA,NA,NA,REAL_MEASURED,,NA,NA
run,C11_no_mask,2,17,Self + no-gap prior,0.5286339286289603,0.5740932642293706,0.2111865431070327,NA,NA,NA,REAL_MEASURED,,NA,NA
run,C11_no_mask,2,17,Self only,0.5212674842996621,0.5660933500321511,0.2318043261766433,NA,NA,NA,REAL_MEASURED,,NA,NA
run,C11,2,42,Full,0.952238218313553,1.0,0.0,NA,NA,NA,REAL_MEASURED,,NA,NA
run,C11,2,42,No prior,0.9545987021585666,1.0024788795488528,0.0008216607384383,NA,NA,NA,REAL_MEASURED,,NA,NA
run,C11,2,42,No interaction,0.6504591828756464,0.6830845164224055,0.0876795053482055,NA,NA,NA,REAL_MEASURED,,NA,NA
run,C11,2,42,Self + no-gap prior,0.6463698049931149,0.6787900260271619,0.0915007442235946,NA,NA,NA,REAL_MEASURED,,NA,NA
run,C11,2,42,Self only,0.6111141660143673,0.6417660562885952,0.1116791740059852,NA,NA,NA,REAL_MEASURED,,NA,NA
run,C11_no_mask,2,42,Full,0.9677504318388196,1.0,0.0,NA,NA,NA,REAL_MEASURED,,NA,NA
run,C11_no_mask,2,42,No prior,0.9476477335093142,0.9792273941006584,0.0012225082609802,NA,NA,NA,REAL_MEASURED,,NA,NA
run,C11_no_mask,2,42,No interaction,0.5378663204497217,0.5557903181998313,0.1626390367746353,NA,NA,NA,REAL_MEASURED,,NA,NA
run,C11_no_mask,2,42,Self + no-gap prior,0.553926202343727,0.5723853837928169,0.1491833627223968,NA,NA,NA,REAL_MEASURED,,NA,NA
run,C11_no_mask,2,42,Self only,0.5115757980378385,0.5286236835521684,0.1866921633481979,NA,NA,NA,REAL_MEASURED,,NA,NA
run,C11,2,73,Full,0.8535671680957537,1.0,0.0,NA,NA,NA,REAL_MEASURED,,NA,NA
run,C11,2,73,No prior,0.8509603083822705,0.9969459231670088,0.0025570269208401,NA,NA,NA,REAL_MEASURED,,NA,NA
run,C11,2,73,No interaction,0.6032632620181796,0.7067554664315593,0.0473907478153705,NA,NA,NA,REAL_MEASURED,,NA,NA
run,C11,2,73,Self + no-gap prior,0.5995420352123015,0.7023958484132377,0.049704473465681,NA,NA,NA,REAL_MEASURED,,NA,NA
run,C11,2,73,Self only,0.5690665414699626,0.6666921628903659,0.0672496855258941,NA,NA,NA,REAL_MEASURED,,NA,NA
run,C11_no_mask,2,73,Full,0.9495901829194416,1.0,0.0,NA,NA,NA,REAL_MEASURED,,NA,NA
run,C11_no_mask,2,73,No prior,0.9450252718577766,0.9951927566820136,0.0009002721053548,NA,NA,NA,REAL_MEASURED,,NA,NA
run,C11_no_mask,2,73,No interaction,0.5450638598767902,0.5739990468320065,0.1868273168802261,NA,NA,NA,REAL_MEASURED,,NA,NA
run,C11_no_mask,2,73,Self + no-gap prior,0.538407595506134,0.566989428903784,0.1836371272802353,NA,NA,NA,REAL_MEASURED,,NA,NA
run,C11_no_mask,2,73,Self only,0.3974167989289506,0.4185140138108035,0.2844276130199432,NA,NA,NA,REAL_MEASURED,,NA,NA
spec_fixed_condition_summary,C11,ALL,ALL,Full,0.928549,1.0,0.0,NA,NA,NA,SPEC_FIXED_USER_PROVIDED,Manuscript aggregate fixed by user; not a reconstructed run distribution.,NA,NA
spec_fixed_condition_summary,C11,ALL,ALL,No prior,0.920192,0.991,0.005,NA,NA,NA,SPEC_FIXED_USER_PROVIDED,Manuscript aggregate fixed by user; not a reconstructed run distribution.,NA,NA
spec_fixed_condition_summary,C11,ALL,ALL,No interaction,0.854265,0.92,0.03,NA,NA,NA,SPEC_FIXED_USER_PROVIDED,Manuscript aggregate fixed by user; not a reconstructed run distribution.,NA,NA
spec_fixed_condition_summary,C11,ALL,ALL,Self + no-gap prior,0.82548,0.889,0.045,NA,NA,NA,SPEC_FIXED_USER_PROVIDED,Manuscript aggregate fixed by user; not a reconstructed run distribution.,NA,NA
spec_fixed_condition_summary,C11,ALL,ALL,Self only,0.742839,0.8,0.07,NA,NA,NA,SPEC_FIXED_USER_PROVIDED,Manuscript aggregate fixed by user; not a reconstructed run distribution.,NA,NA
spec_fixed_effect,C11_minus_C11_no_mask,ALL,ALL,ALL_MISSING,NA,NA,NA,NA,mean_missing_retention,0.9,SPEC_FIXED_USER_PROVIDED,,NA,NA
spec_fixed_effect,C11_minus_C11_no_mask,ALL,ALL,ALL_MISSING,NA,NA,NA,NA,mask_supervision_mean_Macro_F1_effect,0.062992,SPEC_FIXED_USER_PROVIDED,,NA,NA
spec_fixed_effect,C11_minus_C11_no_mask,ALL,ALL,ALL_MISSING,NA,NA,NA,NA,mask_supervision_mean_retention_effect,0.068279,SPEC_FIXED_USER_PROVIDED,,NA,NA
spec_fixed_effect,C11_minus_C11_no_mask,ALL,ALL,ALL_MISSING,NA,NA,NA,NA,mask_supervision_worst_retention_effect,0.114815,SPEC_FIXED_USER_PROVIDED,,NA,NA
spec_fixed_effect,C11_minus_C11_no_mask,ALL,ALL,ALL_MISSING,NA,NA,NA,NA,full_input_effect_versus_no_mask,-0.000991,SPEC_FIXED_USER_PROVIDED,,NA,NA
condition_summary_real,C11,ALL,ALL,Full,0.9285489219727707,1.0,0.0,0.03562235900726818,NA,NA,REAL_MEASURED,Mean±SD across 9 frozen runs; SD column is Macro-F1 SD.,0.0,0.0
condition_summary_real,C11,ALL,ALL,No interaction,0.6348393662128127,0.6836913638754528,0.10323108691308229,0.04965209930945644,NA,NA,REAL_MEASURED,Mean±SD across 9 frozen runs; SD column is Macro-F1 SD.,0.04628324777643517,0.029619777220164203
condition_summary_real,C11,ALL,ALL,No prior,0.9260698909086211,0.9971962828983377,0.0020476689355240444,0.03941305409640231,NA,NA,REAL_MEASURED,Mean±SD across 9 frozen runs; SD column is Macro-F1 SD.,0.00702151901259974,0.0012626237623405271
condition_summary_real,C11,ALL,ALL,Self + no-gap prior,0.6193454664852059,0.6670535927877997,0.11019880283210007,0.05237664527634172,NA,NA,REAL_MEASURED,Mean±SD across 9 frozen runs; SD column is Macro-F1 SD.,0.0507926920517529,0.031011711637409806
condition_summary_real,C11,ALL,ALL,Self only,0.562568876584676,0.6059774916577376,0.14031463364760077,0.054779017939132243,NA,NA,REAL_MEASURED,Mean±SD across 9 frozen runs; SD column is Macro-F1 SD.,0.056031932452858556,0.04770066353231943
condition_summary_real,C11_no_mask,ALL,ALL,Full,0.9295399749266421,1.0,0.0,0.03917949000196903,NA,NA,REAL_MEASURED,Mean±SD across 9 frozen runs; SD column is Macro-F1 SD.,0.0,0.0
condition_summary_real,C11_no_mask,ALL,ALL,No interaction,0.564856234499297,0.6076763660716176,0.1438777281178368,0.06689358012513597,NA,NA,REAL_MEASURED,Mean±SD across 9 frozen runs; SD column is Macro-F1 SD.,0.06622185388610333,0.05543035077350888
condition_summary_real,C11_no_mask,ALL,ALL,No prior,0.9273822976905526,0.9980855376241495,0.0021793626300576443,0.03156419226687943,NA,NA,REAL_MEASURED,Mean±SD across 9 frozen runs; SD column is Macro-F1 SD.,0.01578102062674356,0.001318666246134166
condition_summary_real,C11_no_mask,ALL,ALL,Self + no-gap prior,0.5426346055608549,0.5838761673122633,0.1577342765198813,0.07672412780707068,NA,NA,REAL_MEASURED,Mean±SD across 9 frozen runs; SD column is Macro-F1 SD.,0.07878428556627345,0.06103999972555257
condition_summary_real,C11_no_mask,ALL,ALL,Self only,0.45598275499969687,0.49116280264769646,0.23350899252626625,0.09590588796546763,NA,NA,REAL_MEASURED,Mean±SD across 9 frozen runs; SD column is Macro-F1 SD.,0.10383592839227923,0.10019751915394393
